{
    "providers": [
        {
            "type": "bitmap",
            "file": "minecraft:font/logo.png",
            "ascent": 0,
            "height": 30,
            "chars": [
                    "\u00EC"
                ]
        },
        {
            "type": "bitmap",
            "file": "minecraft:font/default.png",
            "ascent": 7,
            "height": 7,
            "chars": [
                    "\u00C8"
                ]
        },
        {
            "type": "bitmap",
            "file": "minecraft:font/1.png",
            "ascent": 9,
            "height": 9,
            "chars": [
                    "\u00FE"
                ]
        },
        {
            "type": "bitmap",
            "file": "minecraft:font/2.png",
            "ascent": 9,
            "height": 9,
            "chars": [
                    "\u00FF"
                ]
        }
    ]
}
